[
    {
      "dID":1,
      "doctorName":"sunitha",
      "hospital":"appolo",
      "Specialization":"cardiologist",
      "mobileno":9857432543,
      "exp":"10 years",
      "image":"./assets/image/heart.jpg"
  },
  {
      "dID":2,
      "doctorName":"prabhakar",
      "hospital":"rainbow",
      "Specialization":"Family Physicians",
      "mobileno":9524432543,
       "exp":"10 years",
       "image":"./assets/image/family.jpg"
  },
  {
      "dID":3,
      "doctorName":"kavitha",
      "hospital":"kims ",
      "Specialization":"neurologist",
      "mobileno":7981667013,
       "exp":"10 years",
        "image":"./assets/image/neu.jpg"
  },
  {
      "dID":4,
      "doctorName":"badrinath",
      "hospital":"manipall",
      "Specialization":"orthopaedic",
      "mobileno":8886551128,
       "exp":"10 years",
        "image":"./assets/image/orth.jpg"
  }
  
  


  ]